Data_Hora,IdTweet,Tweet,Candidato
2022-07-30 23:17:46+00:00,1553520255238119424,"@LulaOficial @dilmabr AlguÃ©m de vcs checa isso
@AfpChecamos @agencialupa @aosfatos .",Lula
2022-07-30 23:17:46+00:00,1553520253535227906,Presidente: Lula; Senador:?; Deputado Federal: Boullos; Governador: Haddad; Deputado Estadual: Suplicy. Boa ou nÃ£o? https://t.co/t6pU735MuI,Lula
2022-07-30 23:17:45+00:00,1553520252608192512,"@gleisi @LulaOficial @CamiloSantanaCE @elmanofreitaspt Trocaram de fotÃ³grafo, ou aprenderam a montar melhor a foto",Lula
2022-07-30 23:17:45+00:00,1553520251211505664,@MARCOSDANI1 @LulaOficial NÃƒO...BEM REAL...,Lula
2022-07-30 23:17:45+00:00,1553520250263687168,@WesleyAHS11s @LulaOficial #BolsonaroReeleitoEm2022,Lula
2022-07-30 23:17:45+00:00,1553520249860915200,@ptbrasil @LulaOficial https://t.co/BV7ny6feEd,Lula
2022-07-30 23:17:44+00:00,1553520245842796544,@UOLNoticias @LulaOficial Resumindo: vamos dividir os ministros entre os parÃ§a,Lula
2022-07-30 23:17:44+00:00,1553520245498847232,"@LulaOficial @dilmabr FDP teve 16 anos, agora vem encher a boca de merda. 
Vagabundo salafrÃ¡rio.
#BolsonaroReeleito2022",Lula
2022-07-30 23:17:44+00:00,1553520245335367683,@Henriy123 @LulaOficial Vai trabalhar vagabundooooooâ€™,Lula
2022-07-30 23:17:43+00:00,1553520243972218881,@LulaOficial @elmanofreitaspt Montagem derrubada seu ladrÃ£o,Lula
2022-07-30 23:17:42+00:00,1553520238389600265,@ptbrasil @LulaOficial SÃ³ nÃ£o roubar que todos estudam.,Lula
2022-07-30 23:17:42+00:00,1553520238322393102,"@senadorhumberto @CamiloSantanaCE @elmanofreitaspt @LulaOficial Eu amo o meu PaÃ­s.
â¤ï¸ Bolsonaro â¤ï¸
Ganha no primeiro turno ğŸ’• https://t.co/9bypwi7ZMW",Lula
2022-07-30 23:17:42+00:00,1553520237961691146,@ThiagoResiste @eugilson Ã‰ Lula Presidente!,Lula
2022-07-30 23:17:41+00:00,1553520234740449281,@folha Concordo plenamente com o lula pq a globo pode muito bem fazer fez no passado para destruir Lula,Lula
2022-07-30 23:17:41+00:00,1553520234702716928,Lula: â€œNÃ£o tem justificativa o Brasil com 33 milhÃµes de pessoas passando fomeâ€ https://t.co/H8ATEGYKXH #LulaEoPTReconstruirOBrasil,Lula
2022-07-30 23:17:40+00:00,1553520229870870528,"@LulaOficial @dilmabr E vais perder pra ele, pois o adjetivo q te chamam, Brasil afora, Ã± podem chamÃ¡-lo. Ele Ã© honesto 
Bolsonaroreeleito ğŸ’ªğŸ‘‰ğŸ‡§ğŸ‡·",Lula
2022-07-30 23:17:39+00:00,1553520224409985024,@LulaOficial Muda o disco. SÃ³ os idiotas acreditam em vc,Lula
2022-07-30 23:17:38+00:00,1553520220391804946,"@Fernanda217912 @jasonptodd @SF_Moro O lula e investigado desde 2005 pelo Moro, sÃ³ ele contratou 3 empresas de auditoria. Lula foi condenado por (ato indeterminado). Nem Moro sabe pq rsrsrsr",Lula
2022-07-30 23:17:37+00:00,1553520216243638272,"Gente pra c**. ""Lula nÃ£o pode sair Ã  rua"". Sabem nada. https://t.co/Z8UHCtg3C1",Lula
2022-07-30 23:17:37+00:00,1553520216096768000,"@SofiaManzanoPCB Conta outra, nunca apoiou a candidatura do Lula, menos nÃ©, dona?! Vai lÃ¡, continuaremos na mesma democracia que sempre defendemos, seja candidata. HumphğŸ™„",Lula
2022-07-30 23:17:36+00:00,1553520214687506434,@LulaOficial @dilmabr 14 anos nÃ£o conseguiu kkkkkk vocÃªs deveriam ter vergonha de postar tanta merda!,Lula
2022-07-30 23:17:36+00:00,1553520212292542464,Lula vai revogar todos sigilos de 100 anos de Bolsonaro https://t.co/AAIT9qVgLG,Lula
2022-07-30 23:17:35+00:00,1553520210644287494,"Nome mais falado na boca dos bolsonaristas: ADÃ‰LIO 

Nome mais falado na boca dos ciristas: GEDDEL

Nome mais falado na boca dos petistas: LULA 

SÃ³ pra vocÃª entender que a militÃ¢ncia faz toda diferenÃ§a em uma campanha eleitoral 

#LulaNoPrimeiroTurno",Lula
2022-07-30 23:17:35+00:00,1553520209042063368,@AndreJanonesAdv Precisamos de vocÃª  AndrÃ© janones mesmo que seja junto com o Lula,Lula
2022-07-30 23:17:35+00:00,1553520208287092737,"@LulaOficial Quem nÃ£o consegue andar no meio do povo Ã© vocÃª.
https://t.co/7G7gCKfhAe",Lula
2022-07-30 23:17:34+00:00,1553520205279764488,"@LulaOficial Andou de camburÃ£o, que Ã© o mais certo",Lula
2022-07-30 23:17:34+00:00,1553520202888904704,"@marcelo_semer @zehdeabreu Ã‰ um Verme... Um dos causadores do sofrimento dos brasileiros atravÃ©s de seu fundamental apoio ao Bolsonaro tirando o @LulaOficial das eleiÃ§Ãµes de 2018. Aprendeu na prÃ¡tica quem Ã© o verdadeiro corrupto miliciano deste paÃ­s.
#Lula #Lula13 #LulaNoPrimeiroTurno",Lula
2022-07-30 23:17:33+00:00,1553520199038603264,@tati_pelomundo @SabrinaMatsuna @renancalheiros @LulaOficial Do Tasso Jereissati certamente nÃ£o Ã©â€¦ @Josie_Melo,Lula
2022-07-30 23:17:32+00:00,1553520196542939136,"@FilipeMontes @PrmRicardo @lucc_alp @PedroRonchi2 HistÃ³ria eh? o que vc sabe do MEC nesta gestÃ£o PT? o que mudaram nos livros de histÃ³rias? Regime militar foi ditadura, Lula tirou milhÃµes da pobreza, Lula pagou o FMI, continua ... corre atrÃ¡s de outro petista p vc conversar, eu tenho 70a e vivi a histÃ³ria.",Lula
2022-07-30 23:17:31+00:00,1553520194034753536,"@LulaOficial Loola, veja o recado!!! https://t.co/88YDRGUFVR",Lula
2022-07-30 23:17:31+00:00,1553520192369688578,"O Manifesto do Direito via USP, com 500 mil assinaturas, Ã© a pÃ¡ de cal no aloprado e imaginÃ¡rio golpe de Bolsonaro, a burguesia paulista reconhece a vitÃ³ria de Lula como melhor opÃ§Ã£o que a atual dinastia no poder. Moro desponta para o anonimato. O paÃ­s volta a maio de 2013.",Lula
2022-07-30 23:17:31+00:00,1553520191065276420,@marceltsoares @SF_Moro Eu nÃ£o voto em Lula.,Lula
2022-07-30 23:17:30+00:00,1553520189509099521,@JeffersonL95 @CarolDeToni LULA PRESIDENTE E HADDAD GOVERNADOR PELA GLÃ“RIA E HONRA DO NOSSO SENHOR JESUS CRISTO ğŸ™ğŸ™ğŸ™ğŸ™ğŸ™ğŸ™ğŸ™ğŸ™âœ¨ğŸ’«â­ğŸŒŸğŸ˜â¤ï¸,Lula
2022-07-30 23:17:29+00:00,1553520183913881602,A Postagem | Lula se transforma em pesadelo para Moro e o ex-juiz vira chacota nas redes sociais https://t.co/AeaSDwQiMN,Lula
2022-07-30 23:17:29+00:00,1553520183544893441,@nonoinvestidor @LulaOficial @ricardostuckert A empreiteira paga... De novo.,Lula
2022-07-30 23:17:29+00:00,1553520183498752000,"@reinaldoazevedo PT Ã© suspeito de ligaÃ§Ã£o com o PCC
LULA lÃ­der do maior esquema de corrupÃ§Ã£o
A favor do aborto
A favor q roubem seu celular p tomar cervejinha 
A favor da liberaÃ§Ã£o das drogas
Ã‰ responsÃ¡vel pela divisÃ£o no paÃ­s entre, pretos, brancos,gays, homens, mulheres
#CapitaoNoPrimeiroTurno https://t.co/LVc8Iko6fY",Lula
2022-07-30 23:17:28+00:00,1553520181049270272,@CamiloSantanaCE @ricardostuckert @LulaOficial @elmanofreitaspt https://t.co/FOSewXvrgk Votem,Lula
2022-07-30 23:17:28+00:00,1553520178654224394,@renancalheiros @fgddamaceno @LulaOficial https://t.co/3fD4ebPzKy,Lula
2022-07-30 23:17:27+00:00,1553520176280309761,@renancalheiros @LulaOficial tu Ã©s um grande fdp,Lula
2022-07-30 23:17:26+00:00,1553520171138121736,@senadorhumberto @LulaOficial https://t.co/9GkK1n0X51,Lula
2022-07-30 23:17:26+00:00,1553520170743857152,@xicosa Isso vai passar. Assim que o Lula voltar...,Lula
2022-07-30 23:17:25+00:00,1553520166591504385,@RTaokey @LulaOficial @ricardostuckert A estrela cadente. ğŸ¤¡ğŸ¤¡ğŸ¤¡ğŸ¤¡ğŸ¤¡ğŸ¤¡ğŸ¤¡ğŸ¤¡,Lula
2022-07-30 23:17:25+00:00,1553520165647794177,@LulaOficial Roubou e Roubou,Lula
2022-07-30 23:17:24+00:00,1553520163797999616,"@renancalheiros @viccommie @LulaOficial Democracia. Kkkk
Bolsonaro Ã© o eleito do povo. https://t.co/sZMXmoxhLG",Lula
2022-07-30 23:17:24+00:00,1553520162799763458,"@SF_Moro Ã‰ biografado, seu erro foi achar que era mais popular que Bolsonaro, a terceira via babou, a indicaÃ§Ã£o para o STF, se deixou levar pelos outros e se Lula ganhar pode acabar sendo preso, que situaÃ§Ã£o difÃ­cil.",Lula
2022-07-30 23:17:24+00:00,1553520161604395008,Faltam 64 dias para votar em Lula presidente sem medo de ser feliz DE NOVO â¤ï¸ 13 â¤ï¸. #LulaBrasil #LulaPresidente13 #LulaPresidente #LulaNo1oTurno @lulaoficial @fernandohaddadoficial https://t.co/dorRIbwcas,Lula
2022-07-30 23:17:23+00:00,1553520157947052033,"@noahshuster Agora eu pergunto o seguinte...Em quem governando o paÃ­s, vc acredita que tem mais chance de alterar esse modus operandi de cartÃ³rio ? lula ou Bolsonaro ?",Lula
2022-07-30 23:17:22+00:00,1553520156529332226,@kimpaim Kim dâ€.â€ paim + lula =13,Lula
2022-07-30 23:17:22+00:00,1553520156483125259,@LulaOficial https://t.co/t5dxAFDPHr,Lula
2022-07-30 23:17:22+00:00,1553520154948034560,@geraldoalckmin @LulaOficial @PSBNacional40 @ptbrasil @csiqueirapsb Querendo botar as mÃ£os na merenda kkkkkk,Lula
2022-07-30 23:17:22+00:00,1553520153832333315,"@rosangelamorosp Que coisa triste (para nÃ£o dizer patÃ©tica) alguÃ©m montar uma plataforma polÃ­tica com base no contra e nÃ£o na construÃ§Ã£o de proposiÃ§Ãµes que remetam a alternativas factÃ­veis de transformaÃ§Ã£o da realidade.
Ela Ã© contra Lula e o PT e pronto!",Lula
2022-07-30 23:17:32+00:00,1553520196110917633,@jairbolsonaro Famoso gadogram,Bolsonaro
2022-07-30 23:17:32+00:00,1553520195670622208,"@Pauloeuaqui1 @jairbolsonaro Quem tem medo Ã© o presidiÃ¡rio do PT, aquele lÃ¡ chefe da gangue que roubou BILHÃ•ES da Petrobras!",Bolsonaro
2022-07-30 23:17:31+00:00,1553520194328330242,"Fugir para os EUA,com certeza nÃ£o vai garantir nenhuma liberdade para o Bolsonaro e famÃ­lia. https://t.co/DdPrbRXR9f",Bolsonaro
2022-07-30 23:17:31+00:00,1553520193506271232,@Antnio3070 @MarcioM61326104 @adinaelsilva @Alexandre30k @ManesAlexandre @Nuu0204 @Valdirene4971 @EdneiaScanto @Melkpsobrinho @BergMartins14 @CameloJubeni @alvesmimar3 @vanice_a @nefertiti2022 @BetoBrasilRJ @RE_BOLSONARO SDV ğŸ’¯%ğŸ‡§ğŸ‡·,Bolsonaro
2022-07-30 23:17:31+00:00,1553520192369688578,"O Manifesto do Direito via USP, com 500 mil assinaturas, Ã© a pÃ¡ de cal no aloprado e imaginÃ¡rio golpe de Bolsonaro, a burguesia paulista reconhece a vitÃ³ria de Lula como melhor opÃ§Ã£o que a atual dinastia no poder. Moro desponta para o anonimato. O paÃ­s volta a maio de 2013.",Bolsonaro
2022-07-30 23:17:30+00:00,1553520188544483328,Datafolha: ConfianÃ§a nas urnas eletrÃ´nicas avanÃ§a em meio a ataques de Bolsonaro https://t.co/PmLHQYMx2B,Bolsonaro
2022-07-30 23:17:29+00:00,1553520184362778624,"@PatyNovaes2022 @PATRIOTABOLSON7 @zerorezende @alcidesdrummond @MajorVitorHugo @jairbolsonaro Guarda sua ladainha pra gente desinformada ,preconceituosa e negacionista...pq aqui amamos todos , principalmente os diferentes,na minha casa e na minha vida,todos sÃ£o bem vindos,que religiosa Ã© vc que exclui ???",Bolsonaro
2022-07-30 23:17:28+00:00,1553520180214616064,@jairbolsonaro https://t.co/aFaHiP126D,Bolsonaro
2022-07-30 23:17:27+00:00,1553520175659491331,"BOLSONARO SE PERDE E ATACA FIESP, BANCOS E ATÃ‰ ALIADOS [30 de julho de 2... https://t.co/KdC5zOGw2Y via @YouTube",Bolsonaro
2022-07-30 23:17:27+00:00,1553520175630123016,@CarlaZambelli38 @jairbolsonaro ğŸ‡§ğŸ‡·ğŸ‡§ğŸ‡·ğŸ‡§ğŸ‡·ğŸ‡§ğŸ‡·ğŸ‡§ğŸ‡·ğŸ‡§ğŸ‡·ğŸ‡§ğŸ‡·ğŸ‡§ğŸ‡·ğŸ‡§ğŸ‡·ğŸ‡§ğŸ‡·ğŸ‡§ğŸ‡·ğŸ‡§ğŸ‡·ğŸ‡§ğŸ‡·ğŸ‡§ğŸ‡·ğŸ‡§ğŸ‡·ğŸ‡§ğŸ‡·ğŸ‡§ğŸ‡·,Bolsonaro
2022-07-30 23:17:26+00:00,1553520171377168386,@caio_barbieri @Metropoles Onde Bolsonaro chega os vagabundos correm! Esse deve ser mais um expurgado pelo povo esse ano. #CapitaoNoPrimeiroTurno,Bolsonaro
2022-07-30 23:17:26+00:00,1553520169682714625,"@reinaldoazevedo ğŸš¨ATENÃ‡ÃƒO, nesse fim de semana ocorre um evento de motociclistas em BrasÃ­lia, o MotoWeek, com mais de 800 mil participantes, shows gratuitos, brindes, etc.

ğŸš¨Bolsonaro vai usar o evento pra tentar dizer que 31 de julho foi ""a maior motociata da histÃ³ria"" em BrasÃ­lia!
ESPALHE! https://t.co/q69qE3SjbM",Bolsonaro
2022-07-30 23:17:24+00:00,1553520164536205312,"@taoquei1 Se gritar ""pega ladrÃ£o"" nÃ£o fica um meu irmÃ£o... &gt;&gt;&gt; Eduardo Cunha e Daniel Silveira sobem em palanque ao lado de Bolsonaro em SP https://t.co/w7REHhFSFd via 
@UOLNoticias
 
@UOL",Bolsonaro
2022-07-30 23:17:24+00:00,1553520163797999616,"@renancalheiros @viccommie @LulaOficial Democracia. Kkkk
Bolsonaro Ã© o eleito do povo. https://t.co/sZMXmoxhLG",Bolsonaro
2022-07-30 23:17:24+00:00,1553520162799763458,"@SF_Moro Ã‰ biografado, seu erro foi achar que era mais popular que Bolsonaro, a terceira via babou, a indicaÃ§Ã£o para o STF, se deixou levar pelos outros e se Lula ganhar pode acabar sendo preso, que situaÃ§Ã£o difÃ­cil.",Bolsonaro
2022-07-30 23:17:23+00:00,1553520159440109575,"@jairbolsonaro DEUS PELEJARÃ POR NÃ“S
AQUIETAI -VOS E SABEI QUE EU SOU DEUS
Operando DEUS QUEM IMPEDIRÃ
VEJA O LIVRAMENTO DE DEUS.",Bolsonaro
2022-07-30 23:17:23+00:00,1553520157947052033,"@noahshuster Agora eu pergunto o seguinte...Em quem governando o paÃ­s, vc acredita que tem mais chance de alterar esse modus operandi de cartÃ³rio ? lula ou Bolsonaro ?",Bolsonaro
2022-07-30 23:17:23+00:00,1553520157074546688,"@heldersalomao Isso Ã© o Bolsonaro saindo da pizzaria...
ğŸ¤£ğŸ¤£ğŸ¤£ğŸ¤£ğŸ¤£ğŸ¤£ğŸ¤£ğŸ¤£ğŸ¤£ğŸ¤£ğŸ¤£ğŸ¤£ğŸ¤£ğŸ¤£ğŸ¤£ğŸ¤£ğŸ¤£ğŸ¤£

https://t.co/FoRkPaqboM",Bolsonaro
2022-07-30 23:17:22+00:00,1553520156164366337,@CNNBrasil AS FORÃ‡AS ARMADAS PERTENCEM AO ESTADO BRASILEIRO E NÃƒO A BOLSONARO !!!,Bolsonaro
2022-07-30 23:17:22+00:00,1553520154545475584,@orlandosilva Bolsonaro ganharÃ¡ no primeiro turno,Bolsonaro
2022-07-30 23:17:21+00:00,1553520151487725569,@MrP07855626 @0endemoniado @Leonard94955896 @gleisi @LulaOficial @CamiloSantanaCE @elmanofreitaspt ta falando do bolsonaro?,Bolsonaro
2022-07-30 23:17:21+00:00,1553520150300991488,@pingodocafe Corto uma possÃ­vel amizade pela raÃ­z. Depois de quase quatros de mortes e destruiÃ§Ã£o do nosso paÃ­s e essa pessoa ainda apoia bolsonaro? NÃ£o compartilhamos as mesmas Ã©ticas e princÃ­pios morais. Ponto final.,Bolsonaro
2022-07-30 23:17:20+00:00,1553520148203675649,@PauloMartins10 @jairbolsonaro @ratinho_jr Dale alianÃ§a!! Brasil!!,Bolsonaro
2022-07-30 23:17:20+00:00,1553520147159302144,@jairbolsonaro NÃ£o esqueÃ§am do app Bolsonaro Tv. CentralizaÃ§Ã£o de todas as notÃ­cias. https://t.co/wBOQypYswY,Bolsonaro
2022-07-30 23:17:20+00:00,1553520144466546689,@jairbolsonaro Impostor.,Bolsonaro
2022-07-30 23:17:18+00:00,1553520137952808960,"@lua15396151 Se for mesmo grave..o presidente marcelo pode intervir..mas tambem ha 15 dias teve no brasil, e o bolsonaro nao o quis receber, pois tinha estado com o lula..mas intervirÃ¡. Ate porque a familia dele mora no brasil...",Bolsonaro
2022-07-30 23:17:17+00:00,1553520134563762182,"Para quem ainda nÃ£o sabe!!! Bora lÃ¡ reeleger o Presidente Bolsonaro assim como eleger Senadores, Deputados e Governadores indicados por ele!!! ğŸ’šğŸ’›ğŸ’™ğŸ¤ğŸ‡§ğŸ‡·ğŸ‡§ğŸ‡·ğŸ‡§ğŸ‡·ğŸ‡§ğŸ‡· 

https://t.co/WyZULWVma8 

https://t.co/FUYTqEDKhu https://t.co/dsTLlAxUYh",Bolsonaro
2022-07-30 23:17:17+00:00,1553520134370779136,@DaniloBalas @jairbolsonaro @tarcisiogdf @republicanos10 Cheiao...kkkkk,Bolsonaro
2022-07-30 23:17:16+00:00,1553520128725323779,"@marcofeliciano @jairbolsonaro Na Ã©poca da Dilma era menos da metade. Mas, do q tu ta reclamando mesmo, se tu vai embora? Podia pelo menos pagar sua dentadura antes de ir, nÃ©?",Bolsonaro
2022-07-30 23:17:14+00:00,1553520119493574663,@jairbolsonaro B22,Bolsonaro
2022-07-30 23:17:13+00:00,1553520118243655680,"@ZurockV @Amplificador_ Que povo feio! Meus Deus! Kkkkk sÃ³ o chorume. Tudo que nÃ£o presta, odeia Bolsonaro. GraÃ§as a Deus!",Bolsonaro
2022-07-30 23:17:13+00:00,1553520116100468736,"73% DIZEM QUE HÃ #CORRUPÃ‡ÃƒO
NO GOVERNO BOLSONARO PESQUISA DATA FOLHA.
DEPUTADO FEDERAL
PIMENTA CORAGEM DE VERDADE! #LulaEoPTReconstruirOBrasil https://t.co/jQaZZto8Bt",Bolsonaro
2022-07-30 23:17:12+00:00,1553520112438747138,@bibonunes1 @jairbolsonaro PIX FOI DESENVOLVIDO NO GOVERNO TEMER,Bolsonaro
2022-07-30 23:17:11+00:00,1553520108441636865,Eu estava errado sobre a legitimidade de Bolsonaro https://t.co/sG9iVfcwEK via @Poder360 Esse corrupto mentiroso Ã© a vergonha do Brasil.,Bolsonaro
2022-07-30 23:17:09+00:00,1553520101437186052,"@CarlaZambelli38 @jairbolsonaro Eu amo o meu PaÃ­s.
â¤ï¸ Bolsonaro â¤ï¸
Ganha no primeiro turno ğŸ’• https://t.co/9bypwi7ZMW",Bolsonaro
2022-07-30 23:17:09+00:00,1553520099822370818,"@PedroRonchi2 PaÃ­s com menos homicÃ­dios, economia crescendo, apoio ao agro, nÃ£o passou pautas de costumes da esquerda, nÃ£o liga pros ambientalistas histÃ©ricos, defendeu a soberania na AmazÃ´nia e fez o orgulho de ser brasileiro voltar. Sou cristÃ£o, conservador e estou com Bolsonaro.",Bolsonaro
2022-07-30 23:17:08+00:00,1553520095150108672,As ForÃ§as Armadas sÃ£o par defender o Brasil e nÃ£o atender loucuras de Bolsonaro.,Bolsonaro
2022-07-30 23:17:08+00:00,1553520094029946880,"@LucianoHangBr @jairbolsonaro VÃ©io quando vc nasceu deve ter sido pelo cool, nÃ£o Ã© possÃ­vel ser tÃ£o bosta desse jeito",Bolsonaro
2022-07-30 23:17:06+00:00,1553520088829120521,@marcofeliciano @jairbolsonaro Bolsonaro foi em algum debate?,Bolsonaro
2022-07-30 23:17:05+00:00,1553520084618022913,@FlavioBolsonaro @jairbolsonaro @tarcisiogdf O que um Datafolha nÃ£o faz hem rachadinha.ğŸ¤£ğŸ¤£ğŸ˜‚ğŸ¤£,Bolsonaro
2022-07-30 23:17:00+00:00,1553520064028090369,"@PontiniSandra O PT estava preparando os brasileiros para se desapegarem de sua pÃ¡tria.
PrÃ³ximo passo seria criar uma naÃ§Ã£o Latina onde nÃ³s brasileiros entrarÃ­amos com nossas riquezas, nossa vontade de trabalhar e nosso jeito de resolver as coisas.

SerÃ­amos escravos...

NÃ£o fosse Bolsonaro...",Bolsonaro
2022-07-30 23:17:00+00:00,1553520063575121921,"""kkkkkk oloco Bolsonaro"" https://t.co/p0R7d8ncRm",Bolsonaro
2022-07-30 23:17:00+00:00,1553520063055101953,@Astro_Pontes @tarcisiogdf @jairbolsonaro estamos juntos ğŸ’ªğŸ¾ğŸ‡§ğŸ‡·,Bolsonaro
2022-07-30 23:16:58+00:00,1553520055341797378,Bolsonaro no 1Â°Turno ğŸ‡§ğŸ‡· https://t.co/sdvRjf82Ly,Bolsonaro
2022-07-30 23:16:58+00:00,1553520052770463744,@jairbolsonaro ParabÃ©ns @LulaOficial poe levar prosperidade ao Nordeste. Agora vc @jairbolsonaro sÃ³ sabe gozar com pau dos outros.,Bolsonaro
2022-07-30 23:16:56+00:00,1553520045673877505,@delegadoramagem @jairbolsonaro O povo quer comina no prato e nÃ£o desfile!,Bolsonaro
2022-07-30 23:16:56+00:00,1553520043778052097,@MARCOAPRAMOS @Capitaoitamar @LulaOficial Lula vencerÃ¡ de nuevo. Abajo Bolsonaro asesino,Bolsonaro
2022-07-30 23:16:55+00:00,1553520040644845571,@boeboeme @matheuscasanho @Lfmacielmg @LulaOficial Fracassado. Bolsonaro nÃ£o tem a mesma forÃ§a de 2018. Aumentou com o melhor curriculum. #Bolsonarodenovo,Bolsonaro
2022-07-30 23:16:55+00:00,1553520040481259521,"@LulaOficial O Nordeste ama o Bolsonaro.
https://t.co/TBnqrQHoEz",Bolsonaro
2022-07-30 23:16:53+00:00,1553520033485176832,"@SICNoticias Que incoerÃªncia! Uma petiÃ§Ã£o em ""defesa da democracia"". Motivo da petiÃ§Ã£o: nÃ£o aceitam crÃ­ticas.
@jairbolsonaro Ã© o maior defensor da da liberdade dos brasileiros.",Bolsonaro
2022-07-30 23:16:53+00:00,1553520031551594498,"@jairmearrependi Ã‰ que o Moro e o Bolsonaro sÃ£o ""uma coisa sÃ³"".",Bolsonaro
2022-07-30 23:17:46+00:00,1553520253463937026,JÃ¡ saiu a toalha do Ciro Gomes hahaha https://t.co/4ko1N11xW8,Ciro Gomes
2022-07-30 23:17:31+00:00,1553520192399065088,@cirogomes MEIA DUZIA,Ciro Gomes
2022-07-30 23:17:11+00:00,1553520106633891840,@cirogomes Hahahhahahahahhahahahahahahhahahahahahhahahahahahahahahahahahahhahahahahahahahaha o ciro me ajuda vai,Ciro Gomes
2022-07-30 23:17:04+00:00,1553520077408030725,@Eu53122667 @cirogomes,Ciro Gomes
2022-07-30 23:17:04+00:00,1553520077009522689,"@parox40 @cirogomes Bah... na cara nÃ£o...
Magoa muito...",Ciro Gomes
2022-07-30 23:16:51+00:00,1553520026346524674,@Omardeideais Saiu o DataToalha com a intenÃ§Ã£o de voto do @cirogomes ! https://t.co/DfCFxAzK9e,Ciro Gomes
2022-07-30 23:16:43+00:00,1553519990237810688,@cirogomes Teria nÃ£o!ğŸ˜‚ğŸ˜‚ğŸ˜‚,Ciro Gomes
2022-07-30 23:16:36+00:00,1553519962915934208,@cirogomes ğŸ‘,Ciro Gomes
2022-07-30 23:16:26+00:00,1553519920494829568,@nave1964 @cirogomes Que vagsbundo,Ciro Gomes
2022-07-30 23:16:13+00:00,1553519864589217792,"@cirogomes CirÃ£o, cai pra direita velho, lÃ¡ Ã© teu lugar, vocÃª Ã© do bem, vai agregar e muito ao paÃ­s ğŸ‘ŠğŸ¾ğŸ’ªğŸ¾ğŸ˜ğŸ‡§ğŸ‡·ğŸ‡§ğŸ‡·ğŸ‡§ğŸ‡·ğŸ‡§ğŸ‡·ğŸ‡§ğŸ‡·ğŸ‡§ğŸ‡·ğŸ‡§ğŸ‡·ğŸ‡§ğŸ‡·ğŸ‡§ğŸ‡·",Ciro Gomes
2022-07-30 23:16:12+00:00,1553519860143083520,"@cirogomes Ã‰, realmente nÃ£o pode ser sÃ³ efeito do Ã¡lcool!!!",Ciro Gomes
2022-07-30 23:16:10+00:00,1553519853348306944,"@JulioCPereirajr @anfers1985 @psol50 @Haddad_Fernando @cirogomes @antonionetopdt @aldorebelo @elviscezar_ofc E que pode, ao fim de tudo, ser completamente infeliz

PorÃ©m

Correto",Ciro Gomes
2022-07-30 23:16:01+00:00,1553519815377256449,@gomyde @cirogomes Grande @cirogomes !! Ideias importantÃ­ssimas para o Brasil #prefirociro #cirorebeldiadaesperanÃ§a #ciroaunicavia #CiroPresidente,Ciro Gomes
2022-07-30 23:15:48+00:00,1553519759119065088,@CarlosLinhare @CiraoCarioca Ciro Gomes Ã© a melhor opÃ§Ã£o para o Brasil,Ciro Gomes
2022-07-30 23:15:43+00:00,1553519740085215232,@cirogomes LULA PRESIDENTE E HADDAD GOVERNADOR PELA GLÃ“RIA E HONRA DO NOSSO SENHOR JESUS CRISTO ğŸ™ğŸ™ğŸ™ğŸ™ğŸ™ğŸ™ğŸ™ğŸ™âœ¨ğŸ’«â­ğŸŒŸğŸ˜â¤ï¸,Ciro Gomes
2022-07-30 23:15:27+00:00,1553519670187139072,@JosPereira91 @cirogomes SerÃ¡? Kkkk,Ciro Gomes
2022-07-30 23:15:12+00:00,1553519607792771072,@AnaKurama12 Esse papo deles Ã© besta demais. Se eu quisesse que o Loola vencesse no primeiro ou segundo turno votaria nele e nÃ£o no Ciro. Acontece que eu quero o CIRO GOMES presidente!!! #CiroPresidente,Ciro Gomes
2022-07-30 23:15:01+00:00,1553519564763414528,"Nossa ÃšNICA VIA.
CIRO GOMES 12. https://t.co/NxYaNuEl0Q",Ciro Gomes
2022-07-30 23:14:55+00:00,1553519539589087236,@cirogomes @gomyde LULA PRESIDENTE E HADDAD GOVERNADOR PELA GLÃ“RIA E HONRA DO NOSSO SENHOR JESUS CRISTO ğŸ™ğŸ™ğŸ™ğŸ™ğŸ™ğŸ™ğŸ™ğŸ™âœ¨ğŸ’«â­ğŸŒŸğŸ˜â¤ï¸,Ciro Gomes
2022-07-30 23:14:44+00:00,1553519493699305473,"Anote em sua agenda de compromisso que nesta segunda-feira, temos um encontro de esperanÃ§a e de mudanÃ§a para o estado do Amazonas. 

 ğŸ“Œ Dia 1 de agosto (segunda-feira)

ğŸ“Rancho Sertanejo (Av. Prof. Nilton Lins, 219 - Bairro Flores) 

â° 17h 

@cirogomes @luizcastroam 

#pdt12 https://t.co/UGpkfYTrOM",Ciro Gomes
2022-07-30 23:14:43+00:00,1553519485826498560,"@evenstarariel @cirogomes Ele ataca todo mundo, essa Ã© a tÃ¡tica do Ã‡iro, porque nÃ£o tem imaginaÃ§Ã£o e nÃ£o deixou legado em 30 anos de polÃ­tica. Agora fica aÃ­ de mimimi.",Ciro Gomes
2022-07-30 23:14:14+00:00,1553519366964125696,@AkyllaFernanda @CiraoCarioca Ciro Gomes Ã© a melhor opÃ§Ã£o para o Brasil,Ciro Gomes
2022-07-30 23:13:44+00:00,1553519239650312192,@guilhermegauden @cirogomes Eleitores que quebraram essa barreira que querem no impÃ´s,Ciro Gomes
2022-07-30 23:13:32+00:00,1553519188043612167,"Cara foi longe demais dessa vez, por essa eu nÃ£o esperava kkkk @cirogomes gostou da homenagem ? #CiroPresidente https://t.co/AkzlVbe7uj",Ciro Gomes
2022-07-30 23:13:26+00:00,1553519164286976000,@cirogomes Kkkkkkkkkkkk..... SÃ³ pode vir de NÃ¡rnia uma cara que escreve isso afim de ganhar votos kkkkkk,Ciro Gomes
2022-07-30 23:13:21+00:00,1553519145605632001,@cirogomes Fala aÃ­ 6%!,Ciro Gomes
2022-07-30 23:13:17+00:00,1553519128337698822,"@vidatrotamundo @BabeneMarcos @EltonPsantos12 @cirogomes Amigo, isso Ã© relativo. As intenÃ§Ãµes de votos mudam diariamente, principalmente pÃ³s-debates. Nos debates indecisos escolhem seus candidatos. A Marina Silva em 2014, teve um reper histÃ³rico, conquistou o povo e quase chegou ao 2 turno.",Ciro Gomes
2022-07-30 23:12:59+00:00,1553519050667577346,@PazoAndre @Kli_Nev @FGuerreiroMEP @cirogomes FaÃ§o isso dia a dia. Meu dever como cidadÃ£o.,Ciro Gomes
2022-07-30 23:12:57+00:00,1553519042924888064,"@tricolor277 @evenstarariel @cirogomes Mano, lembro q era no Facebook, mas n lembro o nome pra te falar a vdd, e n sÃ£o sÃ³ verificados q falam do ğŸ¦‘, as pesquisas tbm falam",Ciro Gomes
2022-07-30 23:12:54+00:00,1553519029591195648,#CiroPresidente #CiroPresidente12 #CiroPresidente12 #cirogames #CiroGomes #Ciro #cironoavesso #PrefiroCiro https://t.co/OvXjEdMvuT,Ciro Gomes
2022-07-30 23:12:52+00:00,1553519020573335553,@cirogomes Kkkkkkkkkkkkkkkkkk https://t.co/nxTUugM1NY,Ciro Gomes
2022-07-30 23:12:44+00:00,1553518988113678342,@cirogomes TaÃ­!,Ciro Gomes
2022-07-30 23:12:39+00:00,1553518968564027398,@AndreJanonesAdv @cirogomes Que conversÃ£o seria essa? JÃ¡ vi alguns discursos seus e parece Ciro falando. NÃ£o entendi nada.,Ciro Gomes
2022-07-30 23:12:38+00:00,1553518964902346753,@AcoLyonel Vixi!!!! Chama o @cirogomes urgente!!!!,Ciro Gomes
2022-07-30 23:12:32+00:00,1553518936548933632,TEM UM COMERCIAL DO CIRO GOMES QUE Ã‰ MUITO FEIOKKKKKKKKKKKKKKKKKKKKKK QUE PORRA Ã‰ ESSA,Ciro Gomes
2022-07-30 23:12:30+00:00,1553518931620642817,"@MaraLuquet @LulaOficial @cirogomes Ciro tem muitos defeitos, mas nunca foi um criminoso, um ladrÃ£o, jÃ¡ Lula Ã© um gangster, que em um paÃ­s civilizado estaria apodrecendo na cadeia!!!",Ciro Gomes
2022-07-30 23:12:30+00:00,1553518929590583296,"Que alegria, que prazer enorme rever vocÃª hoje, meu caro amigo @cirogomes . Ainda mais na querida Belo Horizonte. Conte sempre comigo, meu presidente!!

#BrasilPraFrente #CiroPresidente #RebeldiadaEsperanÃ§a #PrefiroCiro https://t.co/ZvA5f2gljF",Ciro Gomes
2022-07-30 23:12:29+00:00,1553518927568949254,"@cirogomes @GloboNews Com licenÃ§a, essa toalha Ã© do senhor? https://t.co/4e9BgSxNrA",Ciro Gomes
2022-07-30 23:12:27+00:00,1553518918811230208,@vinisantosrj @AndreJanonesAdv @cirogomes SÃ³ respondo quando chegar aos dois dÃ­gitos.,Ciro Gomes
2022-07-30 23:12:11+00:00,1553518851165388801,@cirogomes Otimista heimmmğŸ˜‚ğŸ˜‚ğŸ˜‚ğŸ˜‚,Ciro Gomes
2022-07-30 23:12:10+00:00,1553518847705206791,@cirogomes Sai daÃ­ arenista! Traidor da esquerda a qual nunca pertenceu!,Ciro Gomes
2022-07-30 23:12:01+00:00,1553518806215151621,@gomyde @cirogomes LULA PRESIDENTE E HADDAD GOVERNADOR PELA GLÃ“RIA E HONRA DO NOSSO SENHOR JESUS CRISTO ğŸ™ğŸ™ğŸ™ğŸ™ğŸ™ğŸ™ğŸ™ğŸ™âœ¨ğŸ’«â­ğŸŒŸğŸ˜â¤ï¸,Ciro Gomes
2022-07-30 23:11:58+00:00,1553518796299804679,@AndreJanonesAdv @cirogomes Se vendeu por quantas toalhas?,Ciro Gomes
2022-07-30 23:11:57+00:00,1553518790335467522,"@CentralEleicoes Continuo desafiando a mÃ­dia a pautar o @cirogomes no seu conjunto de ideias para o Brasil.E nÃ£o somente NO que ele fale sobre o Lula... Ciro Ã© o principal crÃ­tico do Lula, mas Ciro Ã© muito mais que isso! #PrefiroCiro #CiroPresidente",Ciro Gomes
2022-07-30 23:11:48+00:00,1553518754730070019,@scostacurta2011 @Sil40049935Nice @paris_12_ @AndreJanonesAdv @cirogomes 9%,Ciro Gomes
2022-07-30 23:11:46+00:00,1553518746525917184,@Newman91643288 @cirogomes Concordo rs,Ciro Gomes
2022-07-30 23:11:44+00:00,1553518737940250624,@cirogomes O cirro estÃ¡ falando a verdade pra os da iguala dele. sabe perdi a empatia pelo cirro!,Ciro Gomes
2022-07-30 23:11:44+00:00,1553518736400957440,"@cirogomes Ciro, deixa dessa choradeira, jÃ¡ tÃ¡ feiÃ£o...",Ciro Gomes
2022-07-30 23:11:42+00:00,1553518727022448640,@cirogomes @GloboNews LULA PRESIDENTE https://t.co/fGeutN2zOR,Ciro Gomes
2022-07-30 23:11:27+00:00,1553518664464433155,"@ciro_nogueira @jairbolsonaro @ciro_nogueira como vai ser o seu posicionamento mesmo?
Ciro Gomes, Lula ou Bolsonaro?
Pois no palanque no PiauÃ­ da forma que estÃ¡ sendo trabalhado tem cara de que vocÃª estÃ¡ no team lula!",Ciro Gomes
2022-07-30 23:11:23+00:00,1553518647993417728,@EngZini @cirogomes Que orgulho!!!!,Ciro Gomes
